Datetime,Water Level (m)
2026-02-11 00:00:00,-0.16736141
2026-02-11 01:00:00,-0.17303225
2026-02-11 02:00:00,-0.23800029
2026-02-11 03:00:00,-0.32019037
2026-02-11 04:00:00,-0.41032726
2026-02-11 05:00:00,-0.51213104
2026-02-11 06:00:00,-0.597711
2026-02-11 07:00:00,-0.66033256
2026-02-11 08:00:00,-0.66456854
2026-02-11 09:00:00,-0.57354236
2026-02-11 10:00:00,-0.44979912
2026-02-11 11:00:00,-0.33306986
2026-02-11 12:00:00,-0.2151728
2026-02-11 13:00:00,-0.11884918
2026-02-11 14:00:00,-0.068022385
2026-02-11 15:00:00,-0.06527855
2026-02-11 16:00:00,-0.11128951
2026-02-11 17:00:00,-0.19292232
2026-02-11 18:00:00,-0.27774546
2026-02-11 19:00:00,-0.36115846
2026-02-11 20:00:00,-0.4357475
2026-02-11 21:00:00,-0.4860108
2026-02-11 22:00:00,-0.49879682
2026-02-11 23:00:00,-0.45993698
2026-02-12 00:00:00,-0.3947391
2026-02-12 01:00:00,-0.34358096
2026-02-12 02:00:00,-0.31493405
2026-02-12 03:00:00,-0.32333666
2026-02-12 04:00:00,-0.372539
2026-02-12 05:00:00,-0.43735164
2026-02-12 06:00:00,-0.51627433
2026-02-12 07:00:00,-0.59893227
2026-02-12 08:00:00,-0.67023325
2026-02-12 09:00:00,-0.7138463
2026-02-12 10:00:00,-0.7028776
2026-02-12 11:00:00,-0.6009224
2026-02-12 12:00:00,-0.45632812
2026-02-12 13:00:00,-0.3215763
2026-02-12 14:00:00,-0.18072478
2026-02-12 15:00:00,-0.07837483
2026-02-12 16:00:00,-0.015122773
2026-02-12 17:00:00,-0.017989893
2026-02-12 18:00:00,-0.092912056
2026-02-12 19:00:00,-0.21036181
2026-02-12 20:00:00,-0.32304958
2026-02-12 21:00:00,-0.43366894
2026-02-12 22:00:00,-0.53508085
2026-02-12 23:00:00,-0.5993011
2026-02-13 00:00:00,-0.60110724
2026-02-13 01:00:00,-0.5152493
2026-02-13 02:00:00,-0.4089107
2026-02-13 03:00:00,-0.32741678
2026-02-13 04:00:00,-0.2617027
2026-02-13 05:00:00,-0.24341144
2026-02-13 06:00:00,-0.3065155
2026-02-13 07:00:00,-0.41340968
2026-02-13 08:00:00,-0.520569
2026-02-13 09:00:00,-0.6270434
2026-02-13 10:00:00,-0.7158383
2026-02-13 11:00:00,-0.7585454
2026-02-13 12:00:00,-0.6737741
2026-02-13 13:00:00,-0.4944628
2026-02-13 14:00:00,-0.34359097
2026-02-13 15:00:00,-0.17702512
2026-02-13 16:00:00,-0.03953422
2026-02-13 17:00:00,0.049117528
2026-02-13 18:00:00,0.05944382
2026-02-13 19:00:00,-0.030603496
2026-02-13 20:00:00,-0.17841916
2026-02-13 21:00:00,-0.31312355
2026-02-13 22:00:00,-0.4478104
2026-02-13 23:00:00,-0.5732702
2026-02-14 00:00:00,-0.6569723
2026-02-14 01:00:00,-0.64921856
2026-02-14 02:00:00,-0.49820733
2026-02-14 03:00:00,-0.36071146
2026-02-14 04:00:00,-0.2455504
2026-02-14 05:00:00,-0.14869101
2026-02-14 06:00:00,-0.12751126
2026-02-14 07:00:00,-0.21838349
2026-02-14 08:00:00,-0.35387543
2026-02-14 09:00:00,-0.47812384
2026-02-14 10:00:00,-0.61177284
2026-02-14 11:00:00,-0.72073287
2026-02-14 12:00:00,-0.7726925
2026-02-14 13:00:00,-0.66137296
2026-02-14 14:00:00,-0.44885653
2026-02-14 15:00:00,-0.27677917
2026-02-14 16:00:00,-0.08598209
2026-02-14 17:00:00,0.07182882
2026-02-14 18:00:00,0.16752557
2026-02-14 19:00:00,0.15082312
2026-02-14 20:00:00,0.005953768
2026-02-14 21:00:00,-0.15629333
2026-02-14 22:00:00,-0.30897558
2026-02-14 23:00:00,-0.4618968
2026-02-15 00:00:00,-0.60180914
2026-02-15 01:00:00,-0.69245136
2026-02-15 02:00:00,-0.63697904
2026-02-15 03:00:00,-0.4252331
2026-02-15 04:00:00,-0.2721924
2026-02-15 05:00:00,-0.12838861
2026-02-15 06:00:00,-0.030164633
2026-02-15 07:00:00,-0.032026786
2026-02-15 08:00:00,-0.16844723
2026-02-15 09:00:00,-0.31640047
2026-02-15 10:00:00,-0.45816496
2026-02-15 11:00:00,-0.6055698
2026-02-15 12:00:00,-0.72543716
2026-02-15 13:00:00,-0.7728338
2026-02-15 14:00:00,-0.60565144
2026-02-15 15:00:00,-0.37520936
2026-02-15 16:00:00,-0.17058875
2026-02-15 17:00:00,0.03400737
2026-02-15 18:00:00,0.1910313
2026-02-15 19:00:00,0.25926122
2026-02-15 20:00:00,0.17316614
2026-02-15 21:00:00,-0.013170718
2026-02-15 22:00:00,-0.17823894
2026-02-15 23:00:00,-0.3463048
2026-02-16 00:00:00,-0.51788
2026-02-16 01:00:00,-0.6485269
2026-02-16 02:00:00,-0.7122787
2026-02-16 03:00:00,-0.5476049
2026-02-16 04:00:00,-0.32323638
2026-02-16 05:00:00,-0.14944598
2026-02-16 06:00:00,0.0041423654
2026-02-16 07:00:00,0.08289615
2026-02-16 08:00:00,0.014586992
2026-02-16 09:00:00,-0.16081539
2026-02-16 10:00:00,-0.3095512
2026-02-16 11:00:00,-0.46765733
2026-02-16 12:00:00,-0.6219862
2026-02-16 13:00:00,-0.7421223
2026-02-16 14:00:00,-0.7451623
2026-02-16 15:00:00,-0.49299273
2026-02-16 16:00:00,-0.26702285
2026-02-16 17:00:00,-0.053441465
2026-02-16 18:00:00,0.16448174
2026-02-16 19:00:00,0.3645735
2026-02-16 20:00:00,0.3459837
2026-02-16 21:00:00,0.15793975
2026-02-16 22:00:00,-0.035369545
2026-02-16 23:00:00,-0.21457665
2026-02-17 00:00:00,-0.3935383
